{
    "total_runtime": 799.8223218917847,
    "num_documents": 1,
    "input_load_time": 0,
    "workflows": {
        "create_base_text_units": {
            "overall": 3.120015859603882,
            "0_orderby": 0.0015001296997070312,
            "1_zip": 0.0018448829650878906,
            "2_aggregate_override": 0.002649068832397461,
            "3_chunk": 3.0871551036834717,
            "4_select": 0.0030870437622070312,
            "5_unroll": 0.0027620792388916016,
            "6_rename": 0.002171039581298828,
            "7_genid": 0.004714012145996094,
            "8_unzip": 0.0028591156005859375,
            "9_copy": 0.0019459724426269531,
            "10_filter": 0.00801706314086914
        },
        "create_base_extracted_entities": {
            "overall": 513.418523311615,
            "0_entity_extract": 513.3743119239807,
            "1_merge_graphs": 0.04183387756347656
        },
        "create_summarized_entities": {
            "overall": 67.26263117790222,
            "0_summarize_descriptions": 67.2598328590393
        },
        "create_base_entity_graph": {
            "overall": 0.07161903381347656,
            "0_cluster_graph": 0.06529879570007324,
            "1_select": 0.003534078598022461
        },
        "create_final_entities": {
            "overall": 3.961638927459717,
            "0_unpack_graph": 0.02374100685119629,
            "1_rename": 0.003857851028442383,
            "2_select": 0.004065036773681641,
            "3_dedupe": 0.004087209701538086,
            "4_rename": 0.0045011043548583984,
            "5_filter": 0.01065516471862793,
            "6_text_split": 0.005627155303955078,
            "7_drop": 0.0045130252838134766,
            "8_merge": 0.0192258358001709,
            "9_text_embed": 3.8589067459106445,
            "10_drop": 0.005685091018676758,
            "11_filter": 0.013450145721435547
        },
        "create_final_nodes": {
            "overall": 0.21644997596740723,
            "0_layout_graph": 0.08469295501708984,
            "1_unpack_graph": 0.02910900115966797,
            "2_unpack_graph": 0.02805781364440918,
            "3_drop": 0.005853891372680664,
            "4_filter": 0.015712976455688477,
            "5_select": 0.0060329437255859375,
            "6_rename": 0.0062961578369140625,
            "7_join": 0.008460044860839844,
            "8_convert": 0.021404027938842773,
            "9_rename": 0.0058710575103759766
        },
        "create_final_communities": {
            "overall": 0.21706795692443848,
            "0_unpack_graph": 0.02729010581970215,
            "1_unpack_graph": 0.027762889862060547,
            "2_aggregate_override": 0.00845789909362793,
            "3_join": 0.011574983596801758,
            "4_join": 0.010715961456298828,
            "5_concat": 0.007696866989135742,
            "6_filter": 0.04518294334411621,
            "7_aggregate_override": 0.010715007781982422,
            "8_join": 0.010110855102539062,
            "9_filter": 0.016524791717529297,
            "10_fill": 0.007666349411010742,
            "11_merge": 0.011241912841796875,
            "12_copy": 0.007814884185791016,
            "13_select": 0.008178949356079102
        },
        "join_text_units_to_entity_ids": {
            "overall": 0.059098005294799805,
            "0_select": 0.00877690315246582,
            "1_unroll": 0.009144067764282227,
            "2_aggregate_override": 0.010623931884765625
        },
        "create_final_relationships": {
            "overall": 0.14405298233032227,
            "0_unpack_graph": 0.030308008193969727,
            "1_filter": 0.021916866302490234,
            "2_rename": 0.009820222854614258,
            "3_filter": 0.023248910903930664,
            "4_drop": 0.008877992630004883,
            "5_compute_edge_combined_degree": 0.01146697998046875,
            "6_convert": 0.020063161849975586,
            "7_convert": 0.010193824768066406
        },
        "join_text_units_to_relationship_ids": {
            "overall": 0.05255293846130371,
            "0_select": 0.010138988494873047,
            "1_unroll": 0.010202169418334961,
            "2_aggregate_override": 0.012521982192993164,
            "3_select": 0.010300874710083008
        },
        "create_final_community_reports": {
            "overall": 209.19624090194702,
            "0_prepare_community_reports_nodes": 0.014982223510742188,
            "1_prepare_community_reports_edges": 0.013089179992675781,
            "2_restore_community_hierarchy": 0.013265132904052734,
            "3_prepare_community_reports": 0.1126871109008789,
            "4_create_community_reports": 209.0186629295349,
            "5_window": 0.013572931289672852
        },
        "create_final_text_units": {
            "overall": 0.08860206604003906,
            "0_select": 0.012336015701293945,
            "1_rename": 0.012085437774658203,
            "2_join": 0.014140129089355469,
            "3_join": 0.01356816291809082,
            "4_aggregate_override": 0.01347494125366211,
            "5_select": 0.012278079986572266
        },
        "create_base_documents": {
            "overall": 0.1340017318725586,
            "0_unroll": 0.013183832168579102,
            "1_select": 0.012170076370239258,
            "2_rename": 0.012380361557006836,
            "3_join": 0.014718055725097656,
            "4_aggregate_override": 0.014451026916503906,
            "5_join": 0.014696836471557617,
            "6_rename": 0.012511253356933594,
            "7_convert": 0.027792930603027344
        },
        "create_final_documents": {
            "overall": 0.02561807632446289,
            "0_rename": 0.013098001480102539
        }
    }
}